股票名称,股票代码,日期,开盘,收盘,最高,最低,成交量,成交额,振幅,涨跌幅,涨跌额,换手率
谷歌-A,GOOGL,2023-01-03,89.185,88.72,90.65,88.12,28131224,2512677776.0,2.88,1.01,0.89,0.47
谷歌-A,GOOGL,2023-01-04,89.95,87.68,90.25,86.871,34854776,3074915376.0,3.81,-1.17,-1.04,0.58
谷歌-A,GOOGL,2023-01-05,87.07,85.8,87.17,85.5,27194375,2353617584.0,1.9,-2.14,-1.88,0.46
谷歌-A,GOOGL,2023-01-06,86.39,86.94,87.29,84.46,41381495,3578089296.0,3.3,1.33,1.14,0.69
谷歌-A,GOOGL,2023-01-09,87.96,87.62,89.65,87.46,29003901,2580357536.0,2.52,0.78,0.68,0.49
谷歌-A,GOOGL,2023-01-10,85.58,88.02,88.27,85.43,30467755,2674820864.0,3.24,0.46,0.4,0.51
谷歌-A,GOOGL,2023-01-11,88.78,91.12,91.2,88.61,26861969,2435821680.0,2.94,3.52,3.1,0.45
谷歌-A,GOOGL,2023-01-12,91.08,90.73,91.47,89.35,30258135,2757828576.0,2.33,-0.43,-0.39,0.51
谷歌-A,GOOGL,2023-01-13,90.45,91.72,91.79,89.73,26329212,2406192608.0,2.27,1.09,0.99,0.44
谷歌-A,GOOGL,2023-01-17,91.66,90.89,91.85,89.65,32602423,2973429024.0,2.4,-0.9,-0.83,0.55
谷歌-A,GOOGL,2023-01-18,91.74,90.72,92.4,90.24,29116691,2663628704.0,2.38,-0.19,-0.17,0.49
谷歌-A,GOOGL,2023-01-19,90.32,92.65,93.205,90.23,37000395,3427463888.0,3.28,2.13,1.93,0.62
谷歌-A,GOOGL,2023-01-20,94.7,97.62,97.9,94.62,63191078,6135916544.0,3.54,5.36,4.97,1.06
谷歌-A,GOOGL,2023-01-23,97.55,99.39,99.64,97.1,40005055,3973347296.0,2.6,1.81,1.77,0.67
谷歌-A,GOOGL,2023-01-24,97.7,97.3,99.21,96.8,33078512,3231770624.0,2.42,-2.1,-2.09,0.55
谷歌-A,GOOGL,2023-01-25,95.17,94.82,95.762,93.36,42329952,4010183184.0,2.47,-2.55,-2.48,0.71
谷歌-A,GOOGL,2023-01-26,96.1,97.12,97.17,94.98,30113974,2916281936.0,2.31,2.43,2.3,0.51
谷歌-A,GOOGL,2023-01-27,96.91,98.97,99.92,96.91,33879753,3363406672.0,3.1,1.9,1.85,0.57
谷歌-A,GOOGL,2023-01-30,97.08,96.54,97.89,95.995,27226198,2646844000.0,1.91,-2.46,-2.43,0.46
谷歌-A,GOOGL,2023-01-31,96.47,98.44,98.48,96.42,29870669,2931284944.0,2.13,1.97,1.9,0.5
谷歌-A,GOOGL,2023-02-01,98.31,100.03,100.79,97.18,35531104,3525015344.0,3.67,1.62,1.59,0.6
谷歌-A,GOOGL,2023-02-02,105.4,107.34,107.45,105.21,69883762,7468082176.0,2.24,7.31,7.31,1.17
谷歌-A,GOOGL,2023-02-03,102.53,104.38,107.41,102.18,65309261,6879347456.0,4.87,-2.76,-2.96,1.1
谷歌-A,GOOGL,2023-02-06,102.0,102.5,103.96,101.48,31999562,3296013024.0,2.38,-1.8,-1.88,0.54
谷歌-A,GOOGL,2023-02-07,102.82,107.24,107.78,102.72,49010230,5178963200.0,4.94,4.62,4.74,0.82
谷歌-A,GOOGL,2023-02-08,101.65,98.97,102.74,97.635,94743515,9453510400.0,4.76,-7.71,-8.27,1.59
谷歌-A,GOOGL,2023-02-09,99.6,94.61,99.63,93.23,119455020,11369849344.0,6.47,-4.41,-4.36,2.01
谷歌-A,GOOGL,2023-02-10,95.05,94.17,96.35,93.85,54980696,5225310976.0,2.64,-0.47,-0.44,0.92
谷歌-A,GOOGL,2023-02-13,94.34,94.21,94.8,93.44,50076120,4731609600.0,1.44,0.04,0.04,0.84
谷歌-A,GOOGL,2023-02-14,94.03,94.28,94.445,91.86,54726120,5130879488.0,2.74,0.07,0.07,0.92
谷歌-A,GOOGL,2023-02-15,94.09,96.54,96.72,93.75,50298481,4830429440.0,3.15,2.4,2.26,0.84
谷歌-A,GOOGL,2023-02-16,94.97,95.11,97.28,94.34,42462618,4091126272.0,3.05,-1.48,-1.43,0.71
谷歌-A,GOOGL,2023-02-17,94.45,93.95,95.16,92.81,34284118,3225638688.0,2.47,-1.22,-1.16,0.58
谷歌-A,GOOGL,2023-02-21,92.6,91.39,92.7,91.32,33629256,3100479040.0,1.47,-2.72,-2.56,0.56
谷歌-A,GOOGL,2023-02-22,91.3,91.25,91.71,90.21,30884017,2829460352.0,1.64,-0.15,-0.14,0.52
谷歌-A,GOOGL,2023-02-23,91.52,90.49,91.54,89.36,41206380,3736969328.0,2.39,-0.83,-0.76,0.69
谷歌-A,GOOGL,2023-02-24,89.04,88.73,89.49,88.175,36585093,3258612064.0,1.45,-1.94,-1.76,0.61
谷歌-A,GOOGL,2023-02-27,89.47,89.47,89.76,88.935,27502302,2468641712.0,0.93,0.83,0.74,0.46
谷歌-A,GOOGL,2023-02-28,88.93,89.66,90.83,88.92,30142039,2723787664.0,2.13,0.21,0.19,0.51
谷歌-A,GOOGL,2023-03-01,89.58,89.96,90.63,89.27,31111225,2810768176.0,1.52,0.33,0.3,0.52
谷歌-A,GOOGL,2023-03-02,89.26,91.6,91.875,89.19,32226229,2933278544.0,2.98,1.82,1.64,0.54
谷歌-A,GOOGL,2023-03-03,92.08,93.25,93.33,92.05,35160105,3282770672.0,1.4,1.8,1.65,0.59
谷歌-A,GOOGL,2023-03-06,93.615,94.73,95.57,93.6,32639313,3107401520.0,2.11,1.59,1.48,0.55
谷歌-A,GOOGL,2023-03-07,94.58,93.46,95.27,93.13,27835476,2625349008.0,2.26,-1.34,-1.27,0.47
谷歌-A,GOOGL,2023-03-08,93.72,93.85,95.555,93.6,34103265,3232322320.0,2.09,0.42,0.39,0.57
谷歌-A,GOOGL,2023-03-09,93.65,91.92,95.13,91.5,28813532,2698399680.0,3.87,-2.06,-1.93,0.48
谷歌-A,GOOGL,2023-03-10,91.77,90.23,92.39,89.995,35941046,3281701952.0,2.61,-1.84,-1.69,0.6
谷歌-A,GOOGL,2023-03-13,89.69,90.71,92.17,89.02,37335573,3416925120.0,3.49,0.53,0.48,0.63
谷歌-A,GOOGL,2023-03-14,92.16,93.57,93.96,92.04,36050214,3374160672.0,2.12,3.15,2.86,0.61
谷歌-A,GOOGL,2023-03-15,92.82,95.71,96.53,92.24,50622050,4825289216.0,4.58,2.29,2.14,0.85
谷歌-A,GOOGL,2023-03-16,95.8,99.92,100.79,95.1,65567656,6530452480.0,5.95,4.4,4.21,1.1
谷歌-A,GOOGL,2023-03-17,99.86,101.22,102.435,99.7,61028547,6189354752.0,2.74,1.3,1.3,1.02
谷歌-A,GOOGL,2023-03-20,99.72,100.82,101.35,99.47,32960440,3327642224.0,1.86,-0.4,-0.4,0.55
谷歌-A,GOOGL,2023-03-21,100.85,104.52,104.7,100.82,42110279,4373608448.0,3.85,3.67,3.7,0.71
谷歌-A,GOOGL,2023-03-22,103.87,102.97,106.19,102.93,43427419,4558565632.0,3.12,-1.48,-1.55,0.73
谷歌-A,GOOGL,2023-03-23,104.66,105.2,105.9,104.06,40797769,4309110784.0,1.79,2.17,2.23,0.68
谷歌-A,GOOGL,2023-03-24,104.59,105.04,105.09,103.44,30411043,3191337728.0,1.57,-0.15,-0.16,0.51
谷歌-A,GOOGL,2023-03-27,104.215,102.06,104.36,101.527,31120864,3208605072.0,2.7,-2.84,-2.98,0.52
谷歌-A,GOOGL,2023-03-28,102.04,100.63,102.05,99.34,32057865,3224490864.0,2.66,-1.4,-1.43,0.54
谷歌-A,GOOGL,2023-03-29,101.88,100.99,102.09,100.25,28779572,2918220288.0,1.83,0.36,0.36,0.48
谷歌-A,GOOGL,2023-03-30,100.51,100.49,100.755,99.38,33086183,3326465840.0,1.36,-0.5,-0.5,0.56
谷歌-A,GOOGL,2023-03-31,100.9,103.33,103.49,100.64,36863369,3796216272.0,2.84,2.83,2.84,0.62
谷歌-A,GOOGL,2023-04-03,101.99,103.96,104.13,101.53,25035399,2591710784.0,2.52,0.61,0.63,0.42
谷歌-A,GOOGL,2023-04-04,103.93,104.32,105.18,103.64,24420079,2558721040.0,1.48,0.35,0.36,0.41
谷歌-A,GOOGL,2023-04-05,105.38,104.07,105.7,103.26,28290503,2954444672.0,2.34,-0.24,-0.25,0.48
谷歌-A,GOOGL,2023-04-06,104.86,108.02,108.77,103.93,48711480,5230172928.0,4.65,3.8,3.95,0.82
谷歌-A,GOOGL,2023-04-10,106.58,106.04,107.19,104.72,27067355,2875568256.0,2.29,-1.83,-1.98,0.46
谷歌-A,GOOGL,2023-04-11,106.15,104.95,106.33,104.28,26311803,2775924416.0,1.93,-1.03,-1.09,0.44
谷歌-A,GOOGL,2023-04-12,106.18,104.24,106.35,103.94,24370274,2561970064.0,2.3,-0.68,-0.71,0.41
谷歌-A,GOOGL,2023-04-13,105.44,107.03,107.09,105.44,24843579,2657269568.0,1.58,2.68,2.79,0.42
谷歌-A,GOOGL,2023-04-14,106.49,108.47,108.54,106.44,26578002,2874074784.0,1.96,1.35,1.44,0.45
谷歌-A,GOOGL,2023-04-17,104.258,105.57,105.76,104.12,37571218,3960181120.0,1.51,-2.67,-2.9,0.63
谷歌-A,GOOGL,2023-04-18,106.09,104.1,106.14,103.67,26596445,2793132544.0,2.34,-1.39,-1.47,0.45
谷歌-A,GOOGL,2023-04-19,103.18,103.78,104.58,102.67,20905684,2176984256.0,1.83,-0.31,-0.32,0.35
谷歌-A,GOOGL,2023-04-20,103.51,104.89,105.85,103.468,27820794,2925464304.0,2.3,1.07,1.11,0.47
谷歌-A,GOOGL,2023-04-21,105.07,105.01,105.6,104.38,25800082,2717868784.0,1.16,0.11,0.12,0.43
谷歌-A,GOOGL,2023-04-24,105.09,105.57,106.23,104.3,23542829,2492923200.0,1.84,0.53,0.56,0.4
谷歌-A,GOOGL,2023-04-25,105.425,103.45,106.29,103.44,46664104,4898712832.0,2.7,-2.01,-2.12,0.79
谷歌-A,GOOGL,2023-04-26,104.52,103.31,105.95,102.23,53347560,5566239232.0,3.6,-0.14,-0.14,0.9
谷歌-A,GOOGL,2023-04-27,104.05,107.19,107.97,103.14,50089187,5364846080.0,4.68,3.76,3.88,0.84
谷歌-A,GOOGL,2023-04-28,106.64,106.94,106.95,104.69,36139847,3853395808.0,2.11,-0.23,-0.25,0.61
谷歌-A,GOOGL,2023-05-01,106.44,106.8,107.59,106.42,26681680,2863608736.0,1.09,-0.13,-0.14,0.45
谷歌-A,GOOGL,2023-05-02,106.74,104.92,106.8,103.31,30997245,3262072576.0,3.27,-1.76,-1.88,0.52
谷歌-A,GOOGL,2023-05-03,105.13,105.01,107.09,104.56,21795405,2308715760.0,2.41,0.09,0.09,0.37
谷歌-A,GOOGL,2023-05-04,105.085,104.29,105.2,103.57,23419506,2454653376.0,1.55,-0.69,-0.72,0.39
谷歌-A,GOOGL,2023-05-05,104.42,105.17,105.48,103.71,26639254,2800344608.0,1.7,0.84,0.88,0.45
谷歌-A,GOOGL,2023-05-08,104.78,107.37,107.56,104.76,26511445,2839895200.0,2.66,2.09,2.2,0.45
谷歌-A,GOOGL,2023-05-09,107.99,106.95,109.75,106.79,36360141,3944678704.0,2.76,-0.39,-0.42,0.61
谷歌-A,GOOGL,2023-05-10,107.57,111.35,112.54,107.53,63153367,6991255040.0,4.68,4.11,4.4,1.06
谷歌-A,GOOGL,2023-05-11,114.995,116.17,117.52,114.01,78900029,9215105280.0,3.15,4.33,4.82,1.33
谷歌-A,GOOGL,2023-05-12,116.28,117.11,117.63,115.71,41102330,4811485440.0,1.65,0.81,0.94,0.69
谷歌-A,GOOGL,2023-05-15,115.71,116.11,118.08,115.61,36266765,4244446592.0,2.11,-0.85,-1.0,0.61
谷歌-A,GOOGL,2023-05-16,116.09,119.11,120.35,116.03,45035558,5374957056.0,3.72,2.58,3.0,0.76
谷歌-A,GOOGL,2023-05-17,119.21,120.44,121.27,118.49,33323588,4009524960.0,2.33,1.12,1.33,0.56
谷歌-A,GOOGL,2023-05-18,120.55,122.43,122.91,120.43,35234233,4310816512.0,2.06,1.65,1.99,0.59
谷歌-A,GOOGL,2023-05-19,123.15,122.36,125.57,121.75,41353445,5101865472.0,3.12,-0.06,-0.07,0.7
谷歌-A,GOOGL,2023-05-22,122.54,124.65,126.03,122.34,35253034,4415145984.0,3.02,1.87,2.29,0.59
谷歌-A,GOOGL,2023-05-23,123.76,122.16,124.225,121.81,34046251,4198710224.0,1.94,-2.0,-2.49,0.57
谷歌-A,GOOGL,2023-05-24,120.72,120.5,121.51,119.46,34182635,4129153120.0,1.68,-1.36,-1.66,0.58
谷歌-A,GOOGL,2023-05-25,124.12,123.08,124.92,121.56,42316986,5232229632.0,2.79,2.14,2.58,0.71
谷歌-A,GOOGL,2023-05-26,122.77,124.21,124.86,122.05,35635937,4435354880.0,2.28,0.92,1.13,0.6
谷歌-A,GOOGL,2023-05-30,125.24,123.27,125.26,121.6,35076658,4334067968.0,2.95,-0.76,-0.94,0.59
谷歌-A,GOOGL,2023-05-31,122.35,122.47,123.66,122.1,37325787,4593087232.0,1.27,-0.65,-0.8,0.63
谷歌-A,GOOGL,2023-06-01,122.415,123.32,124.02,122.22,30772683,3797041216.0,1.47,0.69,0.85,0.52
谷歌-A,GOOGL,2023-06-02,123.59,124.27,125.75,123.36,26980147,3368431104.0,1.94,0.77,0.95,0.45
谷歌-A,GOOGL,2023-06-05,123.61,125.61,127.03,123.44,32305531,4079598080.0,2.89,1.08,1.34,0.54
谷歌-A,GOOGL,2023-06-06,125.61,126.91,127.89,124.96,26638295,3389485584.0,2.33,1.03,1.3,0.45
谷歌-A,GOOGL,2023-06-07,126.57,122.1,128.64,121.72,52538986,6499431424.0,5.45,-3.79,-4.81,0.88
谷歌-A,GOOGL,2023-06-08,121.825,121.74,122.825,120.84,29389167,3592643664.0,1.63,-0.29,-0.36,0.49
谷歌-A,GOOGL,2023-06-09,121.85,121.83,123.355,121.51,23778319,2917263872.0,1.52,0.07,0.09,0.4
谷歌-A,GOOGL,2023-06-12,122.385,123.24,123.65,121.26,28338743,3484290320.0,1.96,1.16,1.41,0.48
谷歌-A,GOOGL,2023-06-13,124.58,123.43,124.76,122.78,22278313,2762425664.0,1.61,0.15,0.19,0.37
谷歌-A,GOOGL,2023-06-14,122.7,123.27,123.65,121.05,30592297,3768277680.0,2.11,-0.13,-0.16,0.51
谷歌-A,GOOGL,2023-06-15,122.74,124.69,125.06,122.0,35246268,4382893312.0,2.48,1.15,1.42,0.59
谷歌-A,GOOGL,2023-06-16,125.53,123.13,125.708,122.88,45535553,5662075648.0,2.27,-1.25,-1.56,0.77
谷歌-A,GOOGL,2023-06-20,122.53,122.7,124.17,121.74,26097492,3212958592.0,1.97,-0.35,-0.43,0.44
谷歌-A,GOOGL,2023-06-21,122.0,120.15,122.26,119.7,30306336,3662955152.0,2.09,-2.08,-2.55,0.51
谷歌-A,GOOGL,2023-06-22,119.6,122.75,122.84,118.43,26952246,3273999632.0,3.67,2.16,2.6,0.45
谷歌-A,GOOGL,2023-06-23,120.98,121.94,122.388,120.66,34913637,4265644256.0,1.41,-0.66,-0.81,0.59
谷歌-A,GOOGL,2023-06-26,120.36,117.94,121.6,117.865,33969897,4060159440.0,3.06,-3.28,-4.0,0.57
谷歌-A,GOOGL,2023-06-27,116.68,117.93,118.68,115.7,39535936,4657820928.0,2.53,-0.01,-0.01,0.67
谷歌-A,GOOGL,2023-06-28,116.69,119.78,119.99,116.45,27091449,3234883088.0,3.0,1.57,1.85,0.46
谷歌-A,GOOGL,2023-06-29,118.84,118.7,119.66,117.895,24090902,2867890288.0,1.47,-0.9,-1.08,0.41
谷歌-A,GOOGL,2023-06-30,119.77,119.3,120.68,119.29,29532241,3549839296.0,1.17,0.51,0.6,0.5
谷歌-A,GOOGL,2023-07-03,118.84,119.5,119.79,118.418,14467850,1734695216.0,1.15,0.17,0.2,0.24
谷歌-A,GOOGL,2023-07-05,118.84,121.35,122.21,118.83,27584809,3356373168.0,2.83,1.55,1.85,0.46
谷歌-A,GOOGL,2023-07-06,119.395,119.71,119.9,118.0,24778801,2963330144.0,1.57,-1.35,-1.64,0.42
谷歌-A,GOOGL,2023-07-07,119.7,119.08,120.65,119.0,21709549,2607358176.0,1.38,-0.53,-0.63,0.37
谷歌-A,GOOGL,2023-07-10,117.9,116.05,117.905,115.735,35315235,4125880544.0,1.82,-2.54,-3.03,0.6
谷歌-A,GOOGL,2023-07-11,115.89,116.74,117.31,114.95,23078782,2697805120.0,2.03,0.59,0.69,0.39
谷歌-A,GOOGL,2023-07-12,118.4,118.53,119.93,118.015,30404409,3623836304.0,1.64,1.53,1.79,0.51
谷歌-A,GOOGL,2023-07-13,120.53,124.14,124.43,120.05,44297915,5481976064.0,3.7,4.73,5.61,0.75
谷歌-A,GOOGL,2023-07-14,124.4,125.02,126.375,123.09,33283076,4175576784.0,2.65,0.71,0.88,0.56
谷歌-A,GOOGL,2023-07-17,125.54,124.25,126.7,123.795,25716215,3215530464.0,2.32,-0.62,-0.77,0.43
谷歌-A,GOOGL,2023-07-18,124.2,123.36,124.28,122.56,26226447,3242596976.0,1.38,-0.72,-0.89,0.44
谷歌-A,GOOGL,2023-07-19,124.2,121.63,124.78,121.4,37224033,4576112896.0,2.74,-1.4,-1.73,0.63
谷歌-A,GOOGL,2023-07-20,121.02,118.8,123.69,117.82,37906763,4560848640.0,4.83,-2.33,-2.83,0.64
谷歌-A,GOOGL,2023-07-21,120.22,119.62,120.59,118.33,71606474,8588616704.0,1.9,0.69,0.82,1.21
谷歌-A,GOOGL,2023-07-24,121.26,121.13,122.6,120.58,29723667,3620081168.0,1.69,1.26,1.51,0.5
谷歌-A,GOOGL,2023-07-25,120.96,121.81,122.745,120.62,52509551,6409379584.0,1.75,0.56,0.68,0.89
谷歌-A,GOOGL,2023-07-26,129.67,128.87,130.58,127.92,61682093,7998521088.0,2.18,5.8,7.06,1.04
谷歌-A,GOOGL,2023-07-27,131.27,129.0,132.84,128.39,44952074,5897680640.0,3.45,0.1,0.13,0.76
谷歌-A,GOOGL,2023-07-28,130.38,132.18,133.34,130.17,36591158,4854861824.0,2.46,2.47,3.18,0.62
谷歌-A,GOOGL,2023-07-31,132.33,132.32,133.125,131.375,28055531,3718919232.0,1.32,0.11,0.14,0.47
谷歌-A,GOOGL,2023-08-01,130.375,131.15,132.23,130.28,23276440,3066799744.0,1.47,-0.88,-1.17,0.39
谷歌-A,GOOGL,2023-08-02,129.05,127.98,129.69,127.16,26273258,3380037632.0,1.93,-2.42,-3.17,0.44
谷歌-A,GOOGL,2023-08-03,127.57,128.05,128.985,127.02,20159528,2591293824.0,1.54,0.05,0.07,0.34
谷歌-A,GOOGL,2023-08-04,128.88,127.71,131.11,127.51,26147158,3381567040.0,2.81,-0.27,-0.34,0.44
谷歌-A,GOOGL,2023-08-07,128.76,131.13,131.21,128.62,22746290,2974286688.0,2.03,2.68,3.42,0.38
谷歌-A,GOOGL,2023-08-08,130.22,131.0,131.11,129.145,23535181,3080723088.0,1.5,-0.1,-0.13,0.4
谷歌-A,GOOGL,2023-08-09,131.26,129.26,131.64,128.6,24912918,3246894144.0,2.32,-1.33,-1.74,0.42
谷歌-A,GOOGL,2023-08-10,130.92,129.29,131.65,129.05,20857754,2721228096.0,2.01,0.02,0.03,0.35
谷歌-A,GOOGL,2023-08-11,128.26,129.16,129.53,127.77,19591080,2531435888.0,1.36,-0.1,-0.13,0.33
谷歌-A,GOOGL,2023-08-14,128.99,130.93,130.97,128.56,24695608,3230556592.0,1.87,1.37,1.77,0.42
谷歌-A,GOOGL,2023-08-15,130.7,129.38,131.02,128.88,19770732,2573313200.0,1.63,-1.18,-1.55,0.33
谷歌-A,GOOGL,2023-08-16,128.3,128.3,129.881,127.465,25216068,3248275328.0,1.87,-0.83,-1.08,0.43
谷歌-A,GOOGL,2023-08-17,129.4,129.52,131.59,128.89,33446280,4360411136.0,2.1,0.95,1.22,0.56
谷歌-A,GOOGL,2023-08-18,128.11,127.06,128.85,125.982,30504769,3886187520.0,2.21,-1.9,-2.46,0.51
谷歌-A,GOOGL,2023-08-21,126.775,127.97,128.325,126.16,25248729,3232413632.0,1.7,0.72,0.91,0.43
谷歌-A,GOOGL,2023-08-22,128.11,128.68,129.878,127.92,22067520,2851978192.0,1.53,0.55,0.71,0.37
谷歌-A,GOOGL,2023-08-23,129.78,131.97,133.01,129.47,27819713,3684104192.0,2.75,2.56,3.29,0.47
谷歌-A,GOOGL,2023-08-24,133.55,129.38,133.85,129.17,28500694,3733876640.0,3.55,-1.96,-2.59,0.48
谷歌-A,GOOGL,2023-08-25,129.14,129.48,130.36,126.85,26762891,3455257120.0,2.71,0.08,0.1,0.45
谷歌-A,GOOGL,2023-08-28,130.91,130.61,132.14,129.74,20543266,2691595600.0,1.85,0.87,1.13,0.35
谷歌-A,GOOGL,2023-08-29,131.84,134.17,136.17,131.84,43075556,5795130880.0,3.32,2.73,3.56,0.73
谷歌-A,GOOGL,2023-08-30,134.38,135.48,135.875,133.67,28315769,3835011136.0,1.64,0.98,1.31,0.48
谷歌-A,GOOGL,2023-08-31,135.61,135.77,137.6,135.39,30053800,4105110016.0,1.63,0.21,0.29,0.51
谷歌-A,GOOGL,2023-09-01,137.055,135.26,137.055,134.45,21543687,2922725600.0,1.92,-0.38,-0.51,0.36
谷歌-A,GOOGL,2023-09-05,135.04,135.37,136.02,134.18,19403112,2630715168.0,1.36,0.08,0.11,0.33
谷歌-A,GOOGL,2023-09-06,135.62,134.06,136.13,133.265,18684534,2516192512.0,2.12,-0.97,-1.31,0.31
谷歌-A,GOOGL,2023-09-07,133.19,134.86,135.18,132.55,18844342,2539258384.0,1.96,0.6,0.8,0.32
谷歌-A,GOOGL,2023-09-08,134.51,135.98,136.26,134.45,23584188,3209333616.0,1.34,0.83,1.12,0.4
谷歌-A,GOOGL,2023-09-11,136.14,136.52,137.08,135.385,20763350,2838835280.0,1.25,0.4,0.54,0.35
谷歌-A,GOOGL,2023-09-12,135.86,134.94,136.47,134.79,18405505,2499072976.0,1.23,-1.16,-1.58,0.31
谷歌-A,GOOGL,2023-09-13,134.69,136.31,136.5,133.75,20749496,2821061440.0,2.04,1.02,1.37,0.35
谷歌-A,GOOGL,2023-09-14,137.2,137.7,138.295,135.84,24750968,3413884880.0,1.8,1.02,1.39,0.42
谷歌-A,GOOGL,2023-09-15,137.58,137.0,138.12,136.08,38919614,5348821248.0,1.48,-0.51,-0.7,0.66
谷歌-A,GOOGL,2023-09-18,136.21,137.81,138.76,136.21,21861346,3023898880.0,1.86,0.59,0.81,0.37
谷歌-A,GOOGL,2023-09-19,137.02,137.64,138.01,136.22,20353653,2801933424.0,1.3,-0.12,-0.17,0.34
谷歌-A,GOOGL,2023-09-20,137.68,133.34,137.68,133.22,29927475,4049291984.0,3.24,-3.12,-4.3,0.5
谷歌-A,GOOGL,2023-09-21,131.04,130.04,131.83,129.67,31503910,4125140272.0,1.62,-2.47,-3.3,0.53
谷歌-A,GOOGL,2023-09-22,130.36,129.85,131.625,129.2,26397337,3452926960.0,1.86,-0.15,-0.19,0.44
谷歌-A,GOOGL,2023-09-25,129.43,130.71,130.77,128.56,20094643,2621611120.0,1.7,0.66,0.86,0.34
谷歌-A,GOOGL,2023-09-26,129.37,128.165,129.965,126.82,25718704,3299922688.0,2.41,-1.95,-2.545,0.43
谷歌-A,GOOGL,2023-09-27,128.17,130.14,130.495,128.17,22746452,2953285504.0,1.81,1.54,1.975,0.38
谷歌-A,GOOGL,2023-09-28,129.44,131.91,132.9,129.39,22513132,2970327968.0,2.7,1.36,1.77,0.38
谷歌-A,GOOGL,2023-09-29,132.88,130.46,133.65,129.96,30859790,4062895424.0,2.8,-1.1,-1.45,0.52
谷歌-A,GOOGL,2023-10-02,130.81,133.77,134.02,130.77,22288038,2972690736.0,2.49,2.54,3.31,0.38
谷歌-A,GOOGL,2023-10-03,133.54,132.03,133.86,131.44,22989401,3050295072.0,1.81,-1.3,-1.74,0.39
谷歌-A,GOOGL,2023-10-04,132.39,134.84,135.17,132.13,26752295,3601604960.0,2.3,2.13,2.81,0.45
谷歌-A,GOOGL,2023-10-05,134.67,134.67,135.09,133.05,19832615,2673647472.0,1.51,-0.13,-0.17,0.33
谷歌-A,GOOGL,2023-10-06,133.61,137.18,137.755,133.61,27597598,3778632992.0,3.08,1.86,2.51,0.47
谷歌-A,GOOGL,2023-10-09,136.54,138.02,138.54,135.21,19278070,2657672032.0,2.43,0.61,0.84,0.33
谷歌-A,GOOGL,2023-10-10,138.1,137.66,139.32,136.93,27786613,3850836784.0,1.73,-0.26,-0.36,0.47
谷歌-A,GOOGL,2023-10-11,138.18,140.15,140.71,138.18,25884303,3630531888.0,1.84,1.81,2.49,0.44
谷歌-A,GOOGL,2023-10-12,140.65,138.57,140.82,137.86,24765537,3460121232.0,2.11,-1.13,-1.58,0.42
谷歌-A,GOOGL,2023-10-13,138.98,136.96,139.6,136.215,23435599,3228907984.0,2.44,-1.16,-1.61,0.4
谷歌-A,GOOGL,2023-10-16,137.77,138.695,139.23,137.59,28501871,3961919328.0,1.2,1.27,1.735,0.48
谷歌-A,GOOGL,2023-10-17,138.23,139.32,139.5,136.78,23515780,3271230160.0,1.96,0.45,0.625,0.4
谷歌-A,GOOGL,2023-10-18,139.045,137.56,140.32,136.98,23374998,3251249888.0,2.4,-1.26,-1.76,0.39
谷歌-A,GOOGL,2023-10-19,138.1,137.35,139.26,136.98,26066011,3607451744.0,1.66,-0.15,-0.21,0.44
谷歌-A,GOOGL,2023-10-20,136.93,135.2,137.47,134.68,26335673,3586014416.0,2.03,-1.57,-2.15,0.45
谷歌-A,GOOGL,2023-10-23,134.64,136.1,137.26,133.55,26317930,3591137440.0,2.74,0.67,0.9,0.44
谷歌-A,GOOGL,2023-10-24,137.43,138.41,138.96,137.02,44814321,6213121024.0,1.43,1.7,2.31,0.76
谷歌-A,GOOGL,2023-10-25,127.76,125.21,127.91,124.67,84366208,10660407296.0,2.34,-9.54,-13.2,1.43
谷歌-A,GOOGL,2023-10-26,122.87,121.88,123.93,120.87,57061140,6993831936.0,2.44,-2.66,-3.33,0.96
谷歌-A,GOOGL,2023-10-27,122.48,121.77,122.91,119.806,44566506,5424956672.0,2.55,-0.09,-0.11,0.75
谷歌-A,GOOGL,2023-10-30,122.81,124.06,125.0,122.35,28940081,3601695440.0,2.18,1.88,2.29,0.49
谷歌-A,GOOGL,2023-10-31,124.66,123.68,124.97,122.285,26292342,3255482304.0,2.16,-0.31,-0.38,0.44
谷歌-A,GOOGL,2023-11-01,123.67,126.05,126.09,123.315,30082438,3777771568.0,2.24,1.92,2.37,0.51
谷歌-A,GOOGL,2023-11-02,128.02,127.09,128.58,126.53,27124647,3462541152.0,1.63,0.83,1.04,0.46
谷歌-A,GOOGL,2023-11-03,127.62,128.7,129.125,127.46,26393109,3403054768.0,1.31,1.27,1.61,0.45
谷歌-A,GOOGL,2023-11-06,128.65,129.85,129.94,128.27,19052740,2472294784.0,1.3,0.89,1.15,0.32
谷歌-A,GOOGL,2023-11-07,130.31,130.57,131.51,129.48,29757276,3901106816.0,1.56,0.55,0.72,0.5
谷歌-A,GOOGL,2023-11-08,130.57,131.44,131.81,130.38,26425849,3476168000.0,1.1,0.67,0.87,0.45
谷歌-A,GOOGL,2023-11-09,131.56,129.84,132.15,129.665,23747773,3112651920.0,1.89,-1.22,-1.6,0.4
谷歌-A,GOOGL,2023-11-10,129.705,132.19,132.4,129.01,26927826,3546035456.0,2.61,1.81,2.35,0.46
谷歌-A,GOOGL,2023-11-13,131.38,131.69,132.19,130.85,18324751,2420422464.0,1.01,-0.38,-0.5,0.31
谷歌-A,GOOGL,2023-11-14,133.79,133.22,135.3,132.92,32395178,4350138112.0,1.81,1.16,1.53,0.55
谷歌-A,GOOGL,2023-11-15,134.47,134.22,134.63,133.17,23861515,3205986992.0,1.1,0.75,1.0,0.4
谷歌-A,GOOGL,2023-11-16,134.79,136.53,136.82,133.92,28013179,3821096960.0,2.16,1.72,2.31,0.47
谷歌-A,GOOGL,2023-11-17,135.6,134.91,135.66,133.25,37287691,5030359808.0,1.77,-1.19,-1.62,0.63
谷歌-A,GOOGL,2023-11-20,133.29,135.85,136.26,133.22,27850762,3782020128.0,2.25,0.7,0.94,0.47
谷歌-A,GOOGL,2023-11-21,135.89,136.57,136.78,135.56,22635272,3094211632.0,0.9,0.53,0.72,0.38
谷歌-A,GOOGL,2023-11-22,137.07,138.09,139.02,137.07,17820456,2467712176.0,1.43,1.11,1.52,0.3
谷歌-A,GOOGL,2023-11-24,137.63,136.29,137.73,135.59,12514322,1711579712.0,1.55,-1.3,-1.8,0.21
谷歌-A,GOOGL,2023-11-27,135.63,136.01,138.02,135.6,23436526,3204296816.0,1.78,-0.21,-0.28,0.4
谷歌-A,GOOGL,2023-11-28,135.68,136.8,136.85,135.022,18730032,2559069760.0,1.34,0.58,0.79,0.32
谷歌-A,GOOGL,2023-11-29,137.17,134.59,137.888,134.44,23967222,3255091456.0,2.52,-1.62,-2.21,0.4
谷歌-A,GOOGL,2023-11-30,134.65,132.13,135.15,130.88,38988263,5165066240.0,3.17,-1.83,-2.46,0.66
谷歌-A,GOOGL,2023-12-01,131.46,131.46,131.71,130.265,31442263,4134619216.0,1.09,-0.51,-0.67,0.53
谷歌-A,GOOGL,2023-12-04,129.48,128.87,129.63,127.5,36669876,4723823872.0,1.62,-1.97,-2.59,0.62
谷歌-A,GOOGL,2023-12-05,128.55,130.59,131.74,127.85,27384784,3580682576.0,3.02,1.33,1.72,0.46
谷歌-A,GOOGL,2023-12-06,131.04,129.62,131.44,129.475,23576176,3080073968.0,1.5,-0.74,-0.97,0.4
谷歌-A,GOOGL,2023-12-07,134.64,136.53,138.16,134.3,56767100,7777993728.0,2.98,5.33,6.91,0.96
谷歌-A,GOOGL,2023-12-08,133.8,134.59,136.0,133.625,32260112,4356134144.0,1.74,-1.42,-1.94,0.55
谷歌-A,GOOGL,2023-12-11,131.98,132.89,132.935,130.96,31138011,4131244800.0,1.47,-1.26,-1.7,0.53
谷歌-A,GOOGL,2023-12-12,131.41,132.12,132.6,130.86,29032831,3841081344.0,1.31,-0.58,-0.77,0.49
谷歌-A,GOOGL,2023-12-13,132.98,132.17,133.1,131.17,30104775,3989938960.0,1.46,0.04,0.05,0.51
谷歌-A,GOOGL,2023-12-14,132.98,131.54,133.32,129.285,38722413,5089108736.0,3.05,-0.48,-0.63,0.65
谷歌-A,GOOGL,2023-12-15,131.22,132.2,133.11,130.78,50847113,6723196928.0,1.77,0.5,0.66,0.86
谷歌-A,GOOGL,2023-12-18,132.23,135.4,136.748,132.03,32257967,4375536128.0,3.57,2.42,3.2,0.55
谷歌-A,GOOGL,2023-12-19,136.44,136.25,137.07,135.68,25476753,3482471776.0,1.03,0.63,0.85,0.43
谷歌-A,GOOGL,2023-12-20,138.57,137.94,141.295,137.665,49107179,6867916544.0,2.66,1.24,1.69,0.83
谷歌-A,GOOGL,2023-12-21,139.09,140.02,140.285,138.78,27488284,3849654336.0,1.09,1.51,2.08,0.46
谷歌-A,GOOGL,2023-12-22,140.37,141.09,141.59,140.31,26532199,3749440496.0,0.91,0.76,1.07,0.45
谷歌-A,GOOGL,2023-12-26,141.19,141.12,142.28,140.79,16780333,2377372064.0,1.06,0.02,0.03,0.28
谷歌-A,GOOGL,2023-12-27,141.19,139.97,141.68,139.486,19628618,2756337504.0,1.55,-0.81,-1.15,0.33
谷歌-A,GOOGL,2023-12-28,140.38,139.83,140.74,139.35,16045712,2251597696.0,0.99,-0.1,-0.14,0.27
谷歌-A,GOOGL,2023-12-29,139.23,139.29,139.96,138.38,18733017,2615315600.0,1.13,-0.39,-0.54,0.32
谷歌-A,GOOGL,2024-01-02,138.15,137.77,139.05,136.08,23711220,3266395040.0,2.13,-1.09,-1.52,0.4
谷歌-A,GOOGL,2024-01-03,136.85,138.52,139.23,136.68,24212147,3359430160.0,1.85,0.54,0.75,0.41
谷歌-A,GOOGL,2024-01-04,138.02,135.99,138.76,135.95,27137735,3727750576.0,2.03,-1.83,-2.53,0.46
谷歌-A,GOOGL,2024-01-05,136.345,135.33,136.756,134.75,22513854,3062391536.0,1.48,-0.49,-0.66,0.38
谷歌-A,GOOGL,2024-01-08,135.89,138.44,138.61,135.86,21403982,2955997424.0,2.03,2.3,3.11,0.36
谷歌-A,GOOGL,2024-01-09,138.1,140.55,141.085,137.75,24759598,3477402864.0,2.41,1.52,2.11,0.42
谷歌-A,GOOGL,2024-01-10,140.6,141.88,142.6,140.51,21320203,3029368528.0,1.49,0.95,1.33,0.36
谷歌-A,GOOGL,2024-01-11,143.09,141.68,144.82,140.235,24008722,3416922752.0,3.23,-0.14,-0.2,0.41
谷歌-A,GOOGL,2024-01-12,142.27,142.25,142.795,141.42,18785514,2680430416.0,0.97,0.4,0.57,0.32
谷歌-A,GOOGL,2024-01-16,141.6,142.09,143.95,141.05,22670467,3232539888.0,2.04,-0.11,-0.16,0.38
谷歌-A,GOOGL,2024-01-17,140.945,141.07,141.44,138.5,20968649,2950459648.0,2.07,-0.72,-1.02,0.36
谷歌-A,GOOGL,2024-01-18,141.65,143.08,143.81,141.59,25746417,3688414208.0,1.57,1.42,2.01,0.44
谷歌-A,GOOGL,2024-01-19,144.34,145.98,146.05,143.98,34271867,4996868352.0,1.45,2.03,2.9,0.58
谷歌-A,GOOGL,2024-01-22,146.7,145.59,147.99,145.44,32200369,4730653440.0,1.75,-0.27,-0.39,0.55
谷歌-A,GOOGL,2024-01-23,145.49,146.64,146.782,145.1,21636129,3173566016.0,1.16,0.72,1.05,0.37
谷歌-A,GOOGL,2024-01-24,148.14,148.3,149.455,147.7,25233450,3760234640.0,1.2,1.13,1.66,0.43
谷歌-A,GOOGL,2024-01-25,149.665,151.47,152.65,149.14,29149069,4421299968.0,2.37,2.14,3.17,0.49
谷歌-A,GOOGL,2024-01-26,150.7,151.785,152.135,150.61,26115494,3969124512.0,1.01,0.21,0.315,0.44
谷歌-A,GOOGL,2024-01-29,151.66,153.11,153.38,151.03,27784259,4242392496.0,1.55,0.87,1.325,0.47
谷歌-A,GOOGL,2024-01-30,152.4,151.06,153.22,150.785,36331833,5528275200.0,1.59,-1.34,-2.05,0.62
谷歌-A,GOOGL,2024-01-31,143.22,139.7,143.6,139.47,71910044,10178088960.0,2.73,-7.52,-11.36,1.22
谷歌-A,GOOGL,2024-02-01,141.72,140.76,142.66,140.39,40466549,5733297408.0,1.62,0.76,1.06,0.69
谷歌-A,GOOGL,2024-02-02,138.86,141.98,142.22,136.1,62499574,8747933696.0,4.35,0.87,1.22,1.06
谷歌-A,GOOGL,2024-02-05,142.42,143.28,145.07,142.38,38505405,5544640256.0,1.89,0.92,1.3,0.65
谷歌-A,GOOGL,2024-02-06,144.25,143.7,144.96,142.79,29128201,4196047664.0,1.51,0.29,0.42,0.49
谷歌-A,GOOGL,2024-02-07,144.36,145.14,145.215,143.525,25208862,3657281856.0,1.18,1.0,1.44,0.43
谷歌-A,GOOGL,2024-02-08,145.43,145.51,145.93,144.705,22563764,3290433216.0,0.84,0.25,0.37,0.38
谷歌-A,GOOGL,2024-02-09,146.28,148.6,149.04,145.78,26829504,3983716640.0,2.24,2.12,3.09,0.46
谷歌-A,GOOGL,2024-02-12,148.02,147.13,148.935,146.97,21564085,3193969456.0,1.32,-0.99,-1.47,0.37
谷歌-A,GOOGL,2024-02-13,144.52,144.74,146.27,143.29,27837730,4037686272.0,2.03,-1.62,-2.39,0.47
谷歌-A,GOOGL,2024-02-14,145.68,145.54,146.12,143.694,22704166,3300798592.0,1.68,0.55,0.8,0.39
谷歌-A,GOOGL,2024-02-15,142.74,142.37,143.12,140.06,37590695,5339250944.0,2.1,-2.18,-3.17,0.64
谷歌-A,GOOGL,2024-02-16,142.59,140.12,142.79,139.74,31468926,4438564352.0,2.14,-1.58,-2.25,0.53
谷歌-A,GOOGL,2024-02-20,139.255,140.72,141.68,139.09,24935710,3514219104.0,1.85,0.43,0.6,0.42
谷歌-A,GOOGL,2024-02-21,141.05,142.15,142.29,140.275,23315687,3310545760.0,1.43,1.02,1.43,0.4
谷歌-A,GOOGL,2024-02-22,144.53,143.69,144.6,142.4,27191892,3914003664.0,1.55,1.08,1.54,0.46
谷歌-A,GOOGL,2024-02-23,143.27,143.56,144.28,143.03,19493752,2806343696.0,0.87,-0.09,-0.13,0.33
谷歌-A,GOOGL,2024-02-26,141.74,137.17,142.04,136.99,53641795,7450598144.0,3.52,-4.45,-6.39,0.91
谷歌-A,GOOGL,2024-02-27,137.62,138.48,138.85,136.69,33099190,4573443584.0,1.57,0.96,1.31,0.56
谷歌-A,GOOGL,2024-02-28,137.5,135.98,137.61,135.01,37328558,5084056576.0,1.88,-1.81,-2.5,0.63
谷歌-A,GOOGL,2024-02-29,136.88,138.06,138.46,136.0,42132953,5806106880.0,1.81,1.53,2.08,0.71
谷歌-A,GOOGL,2024-03-01,138.03,136.74,138.47,136.52,31151116,4289240656.0,1.41,-0.96,-1.32,0.53
谷歌-A,GOOGL,2024-03-04,135.26,132.95,135.26,131.51,55999415,7452861952.0,2.74,-2.77,-3.79,0.95
谷歌-A,GOOGL,2024-03-05,131.48,132.27,132.84,130.265,40194757,5309032704.0,1.94,-0.51,-0.68,0.68
谷歌-A,GOOGL,2024-03-06,132.72,131.0,133.18,130.45,35318610,4646858240.0,2.06,-0.96,-1.27,0.6
谷歌-A,GOOGL,2024-03-07,132.395,133.98,134.54,131.21,37738209,5053211648.0,2.54,2.27,2.98,0.64
谷歌-A,GOOGL,2024-03-08,133.81,135.01,137.685,133.6,39370392,5364665344.0,3.05,0.77,1.03,0.67
谷歌-A,GOOGL,2024-03-11,135.73,137.27,138.695,135.73,32437772,4478434048.0,2.2,1.67,2.26,0.55
谷歌-A,GOOGL,2024-03-12,136.63,138.1,138.975,136.63,27563354,3819868688.0,1.71,0.6,0.83,0.47
谷歌-A,GOOGL,2024-03-13,138.6,139.39,140.69,138.59,23347208,3271729840.0,1.52,0.93,1.29,0.4
谷歌-A,GOOGL,2024-03-14,140.79,142.7,143.185,140.055,42753387,6093132800.0,2.25,2.37,3.31,0.73
谷歌-A,GOOGL,2024-03-15,142.1,140.78,142.78,139.63,49475417,6988443136.0,2.21,-1.35,-1.92,0.84
谷歌-A,GOOGL,2024-03-18,148.21,147.28,151.75,146.77,69273699,10356577024.0,3.54,4.62,6.5,1.18
谷歌-A,GOOGL,2024-03-19,147.76,146.63,148.391,145.68,24070435,3535263440.0,1.84,-0.44,-0.65,0.41
谷歌-A,GOOGL,2024-03-20,147.6,148.34,148.46,146.335,21311501,3155371456.0,1.45,1.17,1.71,0.36
谷歌-A,GOOGL,2024-03-21,149.07,147.2,149.97,146.5,24755597,3663253984.0,2.34,-0.77,-1.14,0.42
谷歌-A,GOOGL,2024-03-22,148.72,150.37,151.18,148.58,29211769,4402778624.0,1.77,2.15,3.17,0.5
谷歌-A,GOOGL,2024-03-25,149.54,149.67,149.975,147.42,19229285,2875265856.0,1.7,-0.47,-0.7,0.33
谷歌-A,GOOGL,2024-03-26,149.82,150.27,151.856,149.58,22149137,3346366944.0,1.52,0.4,0.6,0.38
谷歌-A,GOOGL,2024-03-27,150.78,150.47,151.235,148.5,22879178,3435515504.0,1.82,0.13,0.2,0.39
谷歌-A,GOOGL,2024-03-28,150.45,150.53,151.03,149.77,24485390,3694163856.0,0.84,0.04,0.06,0.42
谷歌-A,GOOGL,2024-04-01,150.29,155.09,155.34,150.21,31730848,4914710016.0,3.41,3.03,4.56,0.54
谷歌-A,GOOGL,2024-04-02,153.1,154.16,154.3,151.75,24585985,3779921472.0,1.64,-0.6,-0.93,0.42
谷歌-A,GOOGL,2024-04-03,153.2,154.52,154.68,152.33,24704991,3812734816.0,1.52,0.23,0.36,0.42
谷歌-A,GOOGL,2024-04-04,153.1,150.13,154.37,150.05,34724738,5296793856.0,2.8,-2.84,-4.39,0.59
谷歌-A,GOOGL,2024-04-05,149.63,152.1,153.02,149.2,23459246,3574611760.0,2.54,1.31,1.97,0.4
谷歌-A,GOOGL,2024-04-08,152.38,154.45,154.87,152.21,20701974,3201136944.0,1.75,1.55,2.35,0.35
谷歌-A,GOOGL,2024-04-09,155.685,156.2,158.16,154.79,31113013,4872297728.0,2.18,1.13,1.75,0.53
谷歌-A,GOOGL,2024-04-10,155.81,155.74,156.21,154.28,22838629,3556697168.0,1.24,-0.29,-0.46,0.39
谷歌-A,GOOGL,2024-04-11,156.51,159.01,159.28,156.06,27166431,4304252672.0,2.07,2.1,3.27,0.46
谷歌-A,GOOGL,2024-04-12,157.56,157.33,159.823,156.74,25353746,4010639472.0,1.94,-1.06,-1.68,0.43
谷歌-A,GOOGL,2024-04-15,158.46,154.46,158.84,154.19,27136472,4249597824.0,2.96,-1.82,-2.87,0.46
谷歌-A,GOOGL,2024-04-16,153.79,154.0,155.25,153.03,20779495,3210820016.0,1.44,-0.3,-0.46,0.35
谷歌-A,GOOGL,2024-04-17,155.22,155.07,156.68,154.18,21763130,3389837824.0,1.62,0.69,1.07,0.37
谷歌-A,GOOGL,2024-04-18,154.94,155.61,156.54,154.22,19883044,3102405040.0,1.5,0.35,0.54,0.34
谷歌-A,GOOGL,2024-04-19,155.8,153.69,155.96,151.9,32615639,5030460160.0,2.61,-1.23,-1.92,0.56
谷歌-A,GOOGL,2024-04-22,153.91,155.88,157.24,153.66,26446206,4125748032.0,2.33,1.42,2.19,0.45
谷歌-A,GOOGL,2024-04-23,156.56,157.86,158.57,155.88,21151568,3344416208.0,1.73,1.27,1.98,0.36
谷歌-A,GOOGL,2024-04-24,157.09,158.73,159.165,156.765,22779112,3609356096.0,1.52,0.55,0.87,0.39
谷歌-A,GOOGL,2024-04-25,150.93,155.6,156.09,150.47,57109730,8841232128.0,3.54,-1.97,-3.13,0.97
谷歌-A,GOOGL,2024-04-26,173.97,171.55,174.31,169.25,64665299,11117407744.0,3.25,10.25,15.95,1.1
谷歌-A,GOOGL,2024-04-29,168.658,165.75,169.15,164.81,45610024,7622653440.0,2.53,-3.38,-5.8,0.78
谷歌-A,GOOGL,2024-04-30,165.212,162.38,167.7,162.2,33562861,5523227904.0,3.32,-2.03,-3.37,0.57
谷歌-A,GOOGL,2024-05-01,163.9,163.46,166.72,162.69,33493151,5523479296.0,2.48,0.67,1.08,0.57
谷歌-A,GOOGL,2024-05-02,164.385,166.22,166.33,163.49,24294549,4024910000.0,1.74,1.69,2.76,0.41
谷歌-A,GOOGL,2024-05-03,167.16,166.84,167.56,162.65,34662432,5747847424.0,2.95,0.37,0.62,0.59
谷歌-A,GOOGL,2024-05-06,167.06,167.7,167.74,165.63,21871283,3657046288.0,1.26,0.52,0.86,0.37
谷歌-A,GOOGL,2024-05-07,168.1,170.85,171.36,167.99,28039696,4787466496.0,2.01,1.88,3.15,0.48
谷歌-A,GOOGL,2024-05-08,168.6,168.98,169.75,168.335,19569146,3317731360.0,0.83,-1.09,-1.87,0.33
谷歌-A,GOOGL,2024-05-09,168.99,169.56,170.29,167.78,15346700,2597690448.0,1.49,0.34,0.58,0.26
谷歌-A,GOOGL,2024-05-10,167.625,168.25,169.45,165.79,29799931,5013114112.0,2.16,-0.77,-1.31,0.51
谷歌-A,GOOGL,2024-05-13,163.86,168.74,168.88,163.6,31327602,5223733504.0,3.14,0.29,0.49,0.53
谷歌-A,GOOGL,2024-05-14,169.37,169.94,170.85,168.4,25127138,4274756960.0,1.45,0.71,1.2,0.43
谷歌-A,GOOGL,2024-05-15,170.23,172.11,172.25,170.11,26948370,4631007488.0,1.26,1.28,2.17,0.46
谷歌-A,GOOGL,2024-05-16,172.89,173.78,174.715,172.29,27867947,4854957056.0,1.41,0.97,1.67,0.47
谷歌-A,GOOGL,2024-05-17,173.78,175.66,175.865,173.29,24479262,4299500544.0,1.48,1.08,1.88,0.42
谷歌-A,GOOGL,2024-05-20,175.792,176.52,178.37,175.68,22554400,3997969712.0,1.53,0.49,0.86,0.38
谷歌-A,GOOGL,2024-05-21,176.5,177.45,177.75,175.41,16989369,3015076304.0,1.33,0.53,0.93,0.29
谷歌-A,GOOGL,2024-05-22,176.244,175.98,176.75,174.81,17880042,3147385952.0,1.09,-0.83,-1.47,0.3
谷歌-A,GOOGL,2024-05-23,176.67,173.15,177.85,172.55,21024935,3673521424.0,3.01,-1.61,-2.83,0.36
谷歌-A,GOOGL,2024-05-24,174.58,174.59,175.37,173.25,16579438,2901536384.0,1.22,0.83,1.44,0.28
谷歌-A,GOOGL,2024-05-28,174.05,176.0,176.87,173.965,20572157,3621555744.0,1.66,0.81,1.41,0.35
谷歌-A,GOOGL,2024-05-29,175.03,175.5,176.436,174.32,23388693,4117739424.0,1.2,-0.28,-0.5,0.4
谷歌-A,GOOGL,2024-05-30,174.8,171.71,174.82,171.39,22958677,3967822128.0,1.95,-2.16,-3.79,0.39
谷歌-A,GOOGL,2024-05-31,171.46,172.1,172.66,169.04,37638876,6463788544.0,2.11,0.23,0.39,0.64
谷歌-A,GOOGL,2024-06-03,172.14,172.77,174.125,170.76,27459118,4742582272.0,1.96,0.39,0.67,0.47
谷歌-A,GOOGL,2024-06-04,172.88,173.39,173.445,171.49,26879596,4654250752.0,1.13,0.36,0.62,0.46
谷歌-A,GOOGL,2024-06-05,174.8,175.01,176.245,173.534,22068519,3867334912.0,1.56,0.93,1.62,0.38
谷歌-A,GOOGL,2024-06-06,175.495,176.33,176.75,175.35,23251013,4105996880.0,0.8,0.75,1.32,0.4
谷歌-A,GOOGL,2024-06-07,176.65,174.06,177.47,173.9,19661399,3455388064.0,2.02,-1.29,-2.27,0.33
谷歌-A,GOOGL,2024-06-10,174.77,174.81,176.86,172.56,23779218,4150455696.0,2.47,0.43,0.75,0.4
谷歌-A,GOOGL,2024-06-11,176.02,176.42,176.64,173.57,21540582,3804497600.0,1.76,0.92,1.61,0.37
谷歌-A,GOOGL,2024-06-12,178.05,177.59,180.21,175.91,27864737,4954488576.0,2.44,0.66,1.17,0.47
谷歌-A,GOOGL,2024-06-13,175.91,174.96,176.54,174.68,20913299,3674265952.0,1.05,-1.48,-2.63,0.36
谷歌-A,GOOGL,2024-06-14,174.02,176.59,176.862,173.95,18063555,3184779680.0,1.66,0.93,1.63,0.31
谷歌-A,GOOGL,2024-06-17,175.26,177.04,178.16,174.61,19618497,3465526944.0,2.01,0.25,0.45,0.33
谷歌-A,GOOGL,2024-06-18,176.94,174.89,177.185,173.904,21869857,3832781008.0,1.85,-1.21,-2.15,0.37
谷歌-A,GOOGL,2024-06-20,175.17,176.1,177.09,174.79,20160085,3547786352.0,1.32,0.69,1.21,0.34
谷歌-A,GOOGL,2024-06-21,176.8,179.43,180.65,176.41,58582743,10498162944.0,2.41,1.89,3.33,1.0
谷歌-A,GOOGL,2024-06-24,179.96,179.02,180.69,178.47,18298012,3284015280.0,1.24,-0.23,-0.41,0.31
谷歌-A,GOOGL,2024-06-25,179.42,183.83,184.09,179.22,23235589,4245530256.0,2.72,2.69,4.81,0.4
谷歌-A,GOOGL,2024-06-26,182.43,183.68,184.31,182.28,19838972,3644952576.0,1.1,-0.08,-0.15,0.34
谷歌-A,GOOGL,2024-06-27,183.98,185.21,185.85,183.82,18848884,3490848080.0,1.11,0.83,1.53,0.32
谷歌-A,GOOGL,2024-06-28,184.12,181.95,184.93,181.76,29156644,5337350912.0,1.71,-1.76,-3.26,0.5
谷歌-A,GOOGL,2024-07-01,182.83,182.79,183.68,181.1,16006128,2923782672.0,1.42,0.46,0.84,0.27
谷歌-A,GOOGL,2024-07-02,181.85,185.04,185.37,181.36,17372485,3200251904.0,2.19,1.23,2.25,0.3
谷歌-A,GOOGL,2024-07-03,184.65,185.62,185.89,183.8,10242126,1898805536.0,1.13,0.31,0.58,0.17
谷歌-A,GOOGL,2024-07-05,185.655,190.4,190.66,185.6,20967450,3980182400.0,2.73,2.58,4.78,0.36
谷歌-A,GOOGL,2024-07-08,189.695,188.83,189.97,187.58,21035886,3975183616.0,1.26,-0.82,-1.57,0.36
谷歌-A,GOOGL,2024-07-09,190.11,188.78,191.16,188.52,15141312,2871424720.0,1.4,-0.03,-0.05,0.26
谷歌-A,GOOGL,2024-07-10,188.95,190.98,191.55,188.83,15952454,3042641536.0,1.44,1.17,2.2,0.27
谷歌-A,GOOGL,2024-07-11,189.645,185.37,190.66,184.88,25625784,4784573696.0,3.03,-2.94,-5.61,0.44
谷歌-A,GOOGL,2024-07-12,184.88,184.87,186.91,184.29,22898406,4249718880.0,1.41,-0.27,-0.5,0.39
谷歌-A,GOOGL,2024-07-15,184.72,186.33,188.04,184.72,16474043,3076607584.0,1.8,0.79,1.46,0.28
谷歌-A,GOOGL,2024-07-16,187.16,183.72,188.48,183.174,18290722,3382401616.0,2.85,-1.4,-2.61,0.31
谷歌-A,GOOGL,2024-07-17,182.765,180.82,183.35,179.7,20734071,3755816880.0,1.99,-1.58,-2.9,0.35
谷歌-A,GOOGL,2024-07-18,181.73,177.49,182.3,176.27,25315727,4508486656.0,3.33,-1.84,-3.33,0.43
谷歌-A,GOOGL,2024-07-19,178.68,177.46,180.09,176.93,18881885,3367333280.0,1.78,-0.02,-0.03,0.32
谷歌-A,GOOGL,2024-07-22,180.39,181.47,182.5,180.03,24100345,4379982848.0,1.39,2.26,4.01,0.41
谷歌-A,GOOGL,2024-07-23,181.85,181.59,183.41,181.34,36352714,6636733440.0,1.14,0.07,0.12,0.62
谷歌-A,GOOGL,2024-07-24,173.4,172.43,175.99,171.62,49585203,8600061184.0,2.41,-5.04,-9.16,0.84
谷歌-A,GOOGL,2024-07-25,172.32,167.08,173.22,166.99,44851973,7614137600.0,3.61,-3.1,-5.35,0.76
谷歌-A,GOOGL,2024-07-26,166.95,166.8,167.89,163.86,41336886,6869754880.0,2.41,-0.17,-0.28,0.7
谷歌-A,GOOGL,2024-07-29,168.63,169.33,170.23,167.79,20293822,3437465792.0,1.46,1.52,2.53,0.35
谷歌-A,GOOGL,2024-07-30,170.04,170.09,171.03,168.24,18959686,3222621024.0,1.65,0.45,0.76,0.32
谷歌-A,GOOGL,2024-07-31,173.04,171.34,174.045,169.81,25729090,4414683136.0,2.49,0.73,1.25,0.44
谷歌-A,GOOGL,2024-08-01,170.05,170.56,173.85,168.68,24531392,4196246720.0,3.02,-0.46,-0.78,0.42
谷歌-A,GOOGL,2024-08-02,166.24,166.46,168.31,164.47,29130102,4840454656.0,2.25,-2.4,-4.1,0.5
谷歌-A,GOOGL,2024-08-05,155.3,159.05,164.23,154.73,53630673,8586659584.0,5.71,-4.45,-7.41,0.91
谷歌-A,GOOGL,2024-08-06,159.13,158.09,160.37,156.21,49004561,7771653632.0,2.62,-0.6,-0.96,0.83
谷歌-A,GOOGL,2024-08-07,161.05,158.74,162.78,158.27,25138573,4027959296.0,2.85,0.41,0.65,0.43
谷歌-A,GOOGL,2024-08-08,160.31,161.83,163.49,160.01,25578839,4152046512.0,2.19,1.95,3.09,0.44
谷歌-A,GOOGL,2024-08-09,159.81,163.47,163.59,158.86,28602285,4615297024.0,2.92,1.01,1.64,0.49
谷歌-A,GOOGL,2024-08-12,164.15,162.09,164.7,161.64,15895286,2589291920.0,1.87,-0.84,-1.38,0.27
谷歌-A,GOOGL,2024-08-13,163.21,163.96,164.53,162.77,18551690,3041023712.0,1.09,1.15,1.87,0.32
谷歌-A,GOOGL,2024-08-14,162.2,160.17,163.02,157.51,40591126,6475320832.0,3.36,-2.31,-3.79,0.69
谷歌-A,GOOGL,2024-08-15,160.3,161.1,161.435,159.41,31524252,5070062592.0,1.26,0.58,0.93,0.54
谷歌-A,GOOGL,2024-08-16,161.27,162.76,164.86,160.93,24208647,3953020736.0,2.44,1.03,1.66,0.41
谷歌-A,GOOGL,2024-08-19,165.08,166.47,166.49,164.06,22416185,3716093408.0,1.49,2.28,3.71,0.38
谷歌-A,GOOGL,2024-08-20,166.7,166.98,168.44,166.62,18341533,3073813008.0,1.09,0.31,0.51,0.31
谷歌-A,GOOGL,2024-08-21,164.95,165.65,166.65,164.47,22901997,3796934000.0,1.31,-0.8,-1.33,0.39
谷歌-A,GOOGL,2024-08-22,167.06,163.6,167.39,163.11,22493275,3706278352.0,2.58,-1.24,-2.05,0.38
谷歌-A,GOOGL,2024-08-23,164.52,165.42,165.98,163.63,13955741,2305741824.0,1.44,1.11,1.82,0.24
谷歌-A,GOOGL,2024-08-26,166.18,165.96,167.35,164.255,14190417,2354738864.0,1.87,0.33,0.54,0.24
谷歌-A,GOOGL,2024-08-27,165.635,164.48,166.243,164.26,11821941,1954802064.0,1.19,-0.89,-1.48,0.2
谷歌-A,GOOGL,2024-08-28,164.835,162.65,165.4,161.328,16407444,2670990768.0,2.48,-1.11,-1.83,0.28
谷歌-A,GOOGL,2024-08-29,164.11,161.58,165.77,160.05,19699767,3208483968.0,3.52,-0.66,-1.07,0.34
谷歌-A,GOOGL,2024-08-30,162.415,163.18,163.46,161.493,22123811,3604688528.0,1.22,0.99,1.6,0.38
谷歌-A,GOOGL,2024-09-03,161.52,157.16,161.65,156.28,38945301,6167749376.0,3.29,-3.69,-6.02,0.66
谷歌-A,GOOGL,2024-09-04,156.455,156.25,158.8,155.762,19353759,3039860512.0,1.93,-0.58,-0.91,0.33
谷歌-A,GOOGL,2024-09-05,156.1,157.04,159.25,155.781,18688747,2943568208.0,2.22,0.51,0.79,0.32
谷歌-A,GOOGL,2024-09-06,157.1,150.72,157.63,150.35,37912130,5770692864.0,4.64,-4.02,-6.32,0.65
谷歌-A,GOOGL,2024-09-09,152.51,148.71,153.4,147.215,39260451,5860663808.0,4.1,-1.33,-2.01,0.67
谷歌-A,GOOGL,2024-09-10,150.45,148.66,151.27,148.34,31118765,4650424832.0,1.97,-0.03,-0.05,0.53
谷歌-A,GOOGL,2024-09-11,149.92,151.16,151.5,147.52,29607693,4437764864.0,2.68,1.68,2.5,0.5
谷歌-A,GOOGL,2024-09-12,153.8,154.69,154.82,152.65,29695048,4574027264.0,1.44,2.34,3.53,0.51
谷歌-A,GOOGL,2024-09-13,155.43,157.46,158.38,155.21,29591152,4650908160.0,2.05,1.79,2.77,0.5
谷歌-A,GOOGL,2024-09-16,157.31,158.06,158.25,156.6,18379775,2899884656.0,1.05,0.38,0.6,0.31
谷歌-A,GOOGL,2024-09-17,159.02,159.32,160.55,158.375,20715612,3299948224.0,1.38,0.8,1.26,0.35
谷歌-A,GOOGL,2024-09-18,159.86,159.81,160.5,158.595,23677315,3780441984.0,1.2,0.31,0.49,0.4
谷歌-A,GOOGL,2024-09-19,163.71,162.14,163.79,161.34,26587733,4321604864.0,1.53,1.46,2.33,0.45
谷歌-A,GOOGL,2024-09-20,163.5,163.59,163.73,162.06,40896438,6679292672.0,1.03,0.89,1.45,0.7
谷歌-A,GOOGL,2024-09-23,164.35,161.85,165.49,161.67,24150852,3932182576.0,2.34,-1.06,-1.74,0.41
谷歌-A,GOOGL,2024-09-24,163.03,162.29,163.216,160.69,23332147,3785412480.0,1.56,0.27,0.44,0.4
谷歌-A,GOOGL,2024-09-25,161.47,161.49,162.81,161.3,18869199,3054197216.0,0.93,-0.49,-0.8,0.32
谷歌-A,GOOGL,2024-09-26,163.64,162.73,164.08,162.28,20319336,3310801136.0,1.11,0.77,1.24,0.35
谷歌-A,GOOGL,2024-09-27,162.81,163.95,165.7,162.626,21101307,3464516064.0,1.89,0.75,1.22,0.36
谷歌-A,GOOGL,2024-09-30,163.32,165.85,166.15,163.26,20481303,3382216704.0,1.76,1.16,1.9,0.35
谷歌-A,GOOGL,2024-10-01,167.685,166.99,169.16,164.58,28338123,4724431872.0,2.76,0.69,1.14,0.48
谷歌-A,GOOGL,2024-10-02,166.42,165.86,167.52,164.73,17760179,2942321024.0,1.67,-0.68,-1.13,0.3
谷歌-A,GOOGL,2024-10-03,164.41,165.86,166.64,163.923,15073101,2496436592.0,1.64,0.0,0.0,0.26
谷歌-A,GOOGL,2024-10-04,168.06,167.06,168.23,165.48,19093724,3183449216.0,1.66,0.72,1.2,0.33
谷歌-A,GOOGL,2024-10-07,167.72,162.98,168.48,162.75,22463140,3697854992.0,3.43,-2.44,-4.08,0.38
谷歌-A,GOOGL,2024-10-08,163.94,164.38,164.725,162.87,23072733,3780042736.0,1.14,0.86,1.4,0.39
谷歌-A,GOOGL,2024-10-09,163.45,161.86,164.84,159.74,31181774,5040190464.0,3.1,-1.53,-2.52,0.53
谷歌-A,GOOGL,2024-10-10,160.87,162.08,163.07,160.395,14144068,2291943584.0,1.65,0.14,0.22,0.24
谷歌-A,GOOGL,2024-10-11,162.13,163.24,163.9,161.235,15344251,2502688912.0,1.64,0.72,1.16,0.26
谷歌-A,GOOGL,2024-10-14,163.64,164.96,166.226,163.4,19016141,3137077424.0,1.73,1.05,1.72,0.32
谷歌-A,GOOGL,2024-10-15,165.785,165.46,167.68,164.625,20247195,3356532688.0,1.85,0.3,0.5,0.34
谷歌-A,GOOGL,2024-10-16,164.53,165.16,165.8,163.74,16406030,2705202272.0,1.25,-0.18,-0.3,0.28
谷歌-A,GOOGL,2024-10-17,165.73,162.93,166.37,162.76,21453395,3514000432.0,2.19,-1.35,-2.23,0.37
谷歌-A,GOOGL,2024-10-18,163.19,163.42,164.71,163.08,19757661,3232048928.0,1.0,0.3,0.49,0.34
谷歌-A,GOOGL,2024-10-21,162.95,164.07,164.5,162.62,20946455,3433112096.0,1.15,0.4,0.65,0.36
谷歌-A,GOOGL,2024-10-22,162.98,165.14,165.77,162.98,16568121,2730931040.0,1.7,0.65,1.07,0.28
谷歌-A,GOOGL,2024-10-23,164.76,162.78,165.82,161.925,18280518,2981691664.0,2.36,-1.43,-2.36,0.31
谷歌-A,GOOGL,2024-10-24,162.83,162.72,163.33,161.01,22412527,3641357200.0,1.43,-0.04,-0.06,0.38
谷歌-A,GOOGL,2024-10-25,163.67,165.27,165.59,163.42,19828884,3271057504.0,1.33,1.57,2.55,0.34
谷歌-A,GOOGL,2024-10-28,168.75,166.72,168.75,163.95,32138641,5358222336.0,2.9,0.88,1.45,0.55
谷歌-A,GOOGL,2024-10-29,167.73,169.68,170.38,167.09,42169025,7133543680.0,1.97,1.78,2.96,0.72
谷歌-A,GOOGL,2024-10-30,180.68,174.46,182.02,174.06,68890787,12277764608.0,4.69,2.82,4.78,1.17
